conv1,layer1.0.conv1,layer1.0.conv2,layer1.1.conv1,layer1.1.conv2,layer1.2.conv1,layer1.2.conv2,layer1.3.conv1,layer1.3.conv2,layer1.4.conv1,layer1.4.conv2,layer2.0.conv1,layer2.0.conv2,layer2.0.downsample.0,layer2.1.conv1,layer2.1.conv2,layer2.2.conv1,layer2.2.conv2,layer2.3.conv1,layer2.3.conv2,layer2.4.conv1,layer2.4.conv2,layer3.0.conv1,layer3.0.conv2,layer3.0.downsample.0,layer3.1.conv1,layer3.1.conv2,layer3.2.conv1,layer3.2.conv2,layer3.3.conv1,layer3.3.conv2,layer3.4.conv1,layer3.4.conv2,fc,epoch_num
0.0,0.0,0.0,0.0,0.0,0.0,0.0,0.0,0.0,0.0,0.0,0.0,0.0,0.0,0.0,0.0,0.0,0.0,0.0,0.0,0.0,0.0,0.0,0.0,0.0,0.0,0.0,0.0,0.0,0.0,0.0,0.0,0.0,,1
0.0,0.0,0.0,0.0,0.0,0.0,0.0,0.0,0.0,0.0,0.0,0.0,0.0,0.0,0.0,0.0,0.0,0.0,0.0,0.0,0.0,0.0,0.0,0.0,0.0,0.0,0.0,0.0,0.0,0.0,0.0,0.0,0.0,,2
conv1,layer1.0.conv1,layer1.0.conv2,layer1.1.conv1,layer1.1.conv2,layer1.2.conv1,layer1.2.conv2,layer1.3.conv1,layer1.3.conv2,layer1.4.conv1,layer1.4.conv2,layer2.0.conv1,layer2.0.conv2,layer2.0.downsample.0,layer2.1.conv1,layer2.1.conv2,layer2.2.conv1,layer2.2.conv2,layer2.3.conv1,layer2.3.conv2,layer2.4.conv1,layer2.4.conv2,layer3.0.conv1,layer3.0.conv2,layer3.0.downsample.0,layer3.1.conv1,layer3.1.conv2,layer3.2.conv1,layer3.2.conv2,layer3.3.conv1,layer3.3.conv2,layer3.4.conv1,layer3.4.conv2,fc,epoch_num
0.0,0.0,0.0,0.0,0.0,0.0,0.0,0.0,0.0,0.0,0.0,0.0,0.0,0.0,0.0,0.0,0.0,0.0,0.0,0.0,0.0,0.0,0.0,0.0,0.0,0.0,0.0,0.0,0.0,0.0,0.0,0.0,0.0,,1
0.0,0.0,0.0,0.0,0.0,0.0,0.0,0.0,0.0,0.0,0.0,0.0,0.0,0.0,0.0,0.0,0.0,0.0,0.0,0.0,0.0,0.0,0.0,0.0,0.0,0.0,0.0,0.0,0.0,0.0,0.0,0.0,0.0,,2
0.0,0.0,0.0,0.0,0.0,0.0,0.0,0.0,0.0,0.0,0.0,0.0,0.0,0.0,0.0,0.0,0.0,0.0,0.0,0.0,0.0,0.0,0.0,0.0,0.0,0.0,0.0,0.0,0.0,0.0,0.0,0.0,0.0,,3
0.0,0.0,0.0,0.0,0.0,0.0,0.0,0.0,0.0,0.0,0.0,0.0,0.0,0.0,0.0,0.0,0.0,0.0,0.0,0.0,0.0,0.0,0.0,0.0,0.0,0.0,0.0,0.0,0.0,0.0,0.0,0.0,0.0,,4
0.0,0.0,0.0,0.0,0.0,0.0,0.0,0.0,0.0,0.0,0.0,0.0,0.0,0.0,0.0,0.0,0.0,0.0,0.0,0.0,0.0,0.0,0.0,0.0,0.0,0.0,0.0,0.0,0.0,0.0,0.0,0.0,0.0,,5
0.0,0.0,0.0,0.0,0.0,0.0,0.0,0.0,0.0,0.0,0.0,0.0,0.0,0.0,0.0,0.0,0.0,0.0,0.0,0.0,0.0,0.0,0.0,0.0,0.0,0.0,0.0,0.0,0.0,0.0,0.0,0.0,0.0,,6
0.0,0.0,0.0,0.0,0.0,0.0,0.0,0.0,0.0,0.0,0.0,0.0,0.0,0.0,0.0,0.0,0.0,0.0,0.0,0.0,0.0,0.0,0.0,0.0,0.0,0.0,0.0,0.0,0.0,0.0,0.0,0.0,0.0,,7
0.0,0.0,0.0,0.0,0.0,0.0,0.0,0.0,0.0,0.0,0.0,0.0,0.0,0.0,0.0,0.0,0.0,0.0,0.0,0.0,0.0,0.0,0.0,0.0,0.0,0.0,0.0,0.0,0.0,0.0,0.0,0.0,0.0,,8
0.0,0.0,0.0,0.0,0.0,0.0,0.0,0.0,0.0,0.0,0.0,0.0,0.0,0.0,0.0,0.0,0.0,0.0,0.0,0.0,0.0,0.0,0.0,0.0,0.0,0.0,0.0,0.0,0.0,0.0,0.0,0.0,0.0,,9
0.0,0.0,0.0,0.0,0.0,0.0,0.0,0.0625,0.0,0.0,0.0,0.0,0.0,0.0,0.0,0.0,0.03125,0.03125,0.0,0.03125,0.0625,0.0,0.0,0.0,0.03125,0.03125,0.0,0.015625,0.046875,0.015625,0.03125,0.046875,0.015625,,10
0.0,0.0,0.0,0.0,0.0,0.0,0.0,0.0625,0.0,0.0,0.0,0.0,0.0,0.0,0.0,0.0,0.03125,0.03125,0.0,0.03125,0.0625,0.0,0.0,0.0,0.03125,0.03125,0.0,0.015625,0.046875,0.015625,0.03125,0.046875,0.015625,,11
0.0,0.0,0.0,0.0,0.0,0.0,0.0,0.0625,0.0,0.0,0.0,0.0,0.0,0.0,0.0,0.0,0.03125,0.03125,0.0,0.03125,0.0625,0.0,0.0,0.0,0.03125,0.03125,0.0,0.015625,0.046875,0.015625,0.03125,0.046875,0.015625,,12
0.0,0.0,0.0,0.0,0.0,0.0,0.0,0.0625,0.0,0.0,0.0,0.0,0.0,0.0,0.0,0.0,0.03125,0.03125,0.0,0.03125,0.0625,0.0,0.0,0.0,0.03125,0.03125,0.0,0.015625,0.046875,0.015625,0.03125,0.046875,0.015625,,13
0.0,0.0,0.0,0.0,0.0625,0.0,0.0625,0.0625,0.0,0.0,0.0,0.0,0.0,0.0,0.09375,0.0,0.09375,0.15625,0.09375,0.09375,0.1875,0.0625,0.0,0.0,0.109375,0.078125,0.015625,0.03125,0.078125,0.078125,0.09375,0.125,0.078125,,14
0.0,0.0,0.0,0.0,0.0625,0.0,0.0625,0.0625,0.0,0.0,0.0,0.0,0.0,0.0,0.09375,0.0,0.09375,0.15625,0.09375,0.09375,0.1875,0.0625,0.0,0.0,0.109375,0.078125,0.015625,0.03125,0.078125,0.078125,0.09375,0.125,0.078125,,15
0.0,0.0,0.0,0.0,0.0625,0.0,0.0625,0.0625,0.0,0.0,0.0,0.0,0.0,0.0,0.09375,0.0,0.09375,0.15625,0.09375,0.09375,0.1875,0.0625,0.0,0.0,0.109375,0.078125,0.015625,0.03125,0.078125,0.078125,0.09375,0.125,0.078125,,16
0.0,0.0,0.0,0.0,0.0625,0.0,0.0625,0.0625,0.0,0.0,0.0,0.0,0.0,0.0,0.09375,0.0,0.09375,0.15625,0.09375,0.09375,0.1875,0.0625,0.0,0.0,0.109375,0.078125,0.015625,0.03125,0.078125,0.078125,0.09375,0.125,0.078125,,17
0.0,0.0,0.0,0.0,0.0,0.0,0.0,0.0625,0.0,0.0625,0.0,0.0,0.0,0.09375,0.1875,0.03125,0.125,0.15625,0.15625,0.125,0.1875,0.09375,0.0,0.0,0.078125,0.078125,0.0625,0.0625,0.125,0.109375,0.140625,0.125,0.125,,18
0.0,0.0,0.0,0.0,0.0,0.0,0.0,0.0625,0.0,0.0625,0.0,0.0,0.0,0.09375,0.1875,0.03125,0.125,0.15625,0.15625,0.125,0.1875,0.09375,0.0,0.0,0.078125,0.078125,0.0625,0.0625,0.125,0.109375,0.140625,0.125,0.125,,19
0.0,0.0,0.0,0.0,0.0,0.0,0.0,0.0625,0.0,0.0625,0.0,0.0,0.0,0.09375,0.1875,0.03125,0.125,0.15625,0.15625,0.125,0.1875,0.09375,0.0,0.0,0.078125,0.078125,0.0625,0.0625,0.125,0.109375,0.140625,0.125,0.125,,20
0.0,0.0,0.0,0.0,0.0,0.0,0.0,0.0625,0.0,0.0625,0.0,0.0,0.0,0.09375,0.1875,0.03125,0.125,0.15625,0.15625,0.125,0.1875,0.09375,0.0,0.0,0.078125,0.078125,0.0625,0.0625,0.125,0.109375,0.140625,0.125,0.125,,21
0.0,0.0,0.0,0.0,0.0,0.0,0.0,0.0625,0.0,0.0625,0.0,0.0,0.0,0.09375,0.1875,0.03125,0.125,0.15625,0.15625,0.125,0.1875,0.09375,0.0,0.0,0.078125,0.078125,0.0625,0.0625,0.125,0.109375,0.140625,0.125,0.125,,22
0.0,0.0,0.0625,0.0,0.0625,0.0,0.0625,0.125,0.0625,0.0625,0.0625,0.0,0.0,0.09375,0.1875,0.0625,0.21875,0.09375,0.1875,0.1875,0.25,0.125,0.0,0.0,0.078125,0.109375,0.03125,0.09375,0.125,0.15625,0.125,0.171875,0.09375,,23
0.0,0.0,0.0625,0.0,0.0625,0.0,0.0625,0.125,0.0625,0.0625,0.0625,0.0,0.0,0.09375,0.1875,0.0625,0.21875,0.09375,0.1875,0.1875,0.25,0.125,0.0,0.0,0.078125,0.109375,0.03125,0.09375,0.125,0.15625,0.125,0.171875,0.09375,,24
0.0,0.0,0.0625,0.0,0.0625,0.0,0.0625,0.125,0.0625,0.0625,0.0625,0.0,0.0,0.09375,0.1875,0.0625,0.21875,0.09375,0.1875,0.1875,0.25,0.125,0.0,0.0,0.078125,0.109375,0.03125,0.09375,0.125,0.15625,0.125,0.171875,0.09375,,25
0.0,0.0,0.0625,0.0,0.0625,0.0,0.0625,0.125,0.0625,0.0625,0.0625,0.0,0.0,0.09375,0.1875,0.0625,0.21875,0.09375,0.1875,0.1875,0.25,0.125,0.0,0.0,0.078125,0.109375,0.03125,0.09375,0.125,0.15625,0.125,0.171875,0.09375,,26
0.0,0.0625,0.0,0.0,0.0625,0.0,0.0625,0.0625,0.0625,0.0625,0.125,0.03125,0.0,0.0625,0.28125,0.09375,0.25,0.1875,0.25,0.15625,0.1875,0.15625,0.0,0.0,0.109375,0.109375,0.078125,0.09375,0.171875,0.203125,0.21875,0.21875,0.203125,,27
0.0,0.0625,0.0,0.0,0.0625,0.0,0.0625,0.0625,0.0625,0.0625,0.125,0.03125,0.0,0.0625,0.28125,0.09375,0.25,0.1875,0.25,0.15625,0.1875,0.15625,0.0,0.0,0.109375,0.109375,0.078125,0.09375,0.171875,0.203125,0.21875,0.21875,0.203125,,28
0.0,0.0625,0.0,0.0,0.0625,0.0,0.0625,0.0625,0.0625,0.0625,0.125,0.03125,0.0,0.0625,0.28125,0.09375,0.25,0.1875,0.25,0.15625,0.1875,0.15625,0.0,0.0,0.109375,0.109375,0.078125,0.09375,0.171875,0.203125,0.21875,0.21875,0.203125,,29
0.0,0.0625,0.0,0.0,0.0625,0.0,0.0625,0.0625,0.0625,0.0625,0.125,0.03125,0.0,0.0625,0.28125,0.09375,0.25,0.1875,0.25,0.15625,0.1875,0.15625,0.0,0.0,0.109375,0.109375,0.078125,0.09375,0.171875,0.203125,0.21875,0.21875,0.203125,,30
0.0,0.0625,0.0,0.0,0.0625,0.0,0.0625,0.0625,0.0625,0.0625,0.0,0.03125,0.03125,0.03125,0.28125,0.21875,0.3125,0.25,0.28125,0.28125,0.28125,0.1875,0.015625,0.0,0.25,0.140625,0.078125,0.078125,0.1875,0.25,0.25,0.328125,0.203125,,31
0.0,0.0625,0.0,0.0,0.0625,0.0,0.0625,0.0625,0.0625,0.0625,0.0,0.03125,0.03125,0.03125,0.28125,0.21875,0.3125,0.25,0.28125,0.28125,0.28125,0.1875,0.015625,0.0,0.25,0.140625,0.078125,0.078125,0.1875,0.25,0.25,0.328125,0.203125,,32
0.0,0.0625,0.0,0.0,0.0625,0.0,0.0625,0.0625,0.0625,0.0625,0.0,0.03125,0.03125,0.03125,0.28125,0.21875,0.3125,0.25,0.28125,0.28125,0.28125,0.1875,0.015625,0.0,0.25,0.140625,0.078125,0.078125,0.1875,0.25,0.25,0.328125,0.203125,,33
0.0,0.0625,0.0,0.0,0.0625,0.0,0.0625,0.0625,0.0625,0.0625,0.0,0.03125,0.03125,0.03125,0.28125,0.21875,0.3125,0.25,0.28125,0.28125,0.28125,0.1875,0.015625,0.0,0.25,0.140625,0.078125,0.078125,0.1875,0.25,0.25,0.328125,0.203125,,34
0.0,0.0625,0.0,0.0,0.0625,0.0,0.0625,0.0625,0.0625,0.0625,0.0,0.03125,0.03125,0.03125,0.28125,0.21875,0.3125,0.25,0.28125,0.28125,0.28125,0.1875,0.015625,0.0,0.25,0.140625,0.078125,0.078125,0.1875,0.25,0.25,0.328125,0.203125,,35
0.0,0.0625,0.0,0.0,0.0625,0.0,0.0625,0.0625,0.0625,0.0625,0.0,0.03125,0.03125,0.03125,0.28125,0.21875,0.3125,0.25,0.28125,0.28125,0.28125,0.1875,0.015625,0.0,0.25,0.140625,0.078125,0.078125,0.1875,0.25,0.25,0.328125,0.203125,,36
0.0,0.125,0.0625,0.0625,0.0625,0.0625,0.0625,0.25,0.125,0.0625,0.125,0.03125,0.0,0.125,0.34375,0.15625,0.3125,0.3125,0.375,0.25,0.28125,0.1875,0.015625,0.0,0.21875,0.171875,0.078125,0.109375,0.234375,0.25,0.265625,0.296875,0.234375,,37
0.0,0.125,0.0625,0.0625,0.0625,0.0625,0.0625,0.25,0.125,0.0625,0.125,0.03125,0.0,0.125,0.34375,0.15625,0.3125,0.3125,0.375,0.25,0.28125,0.1875,0.015625,0.0,0.21875,0.171875,0.078125,0.109375,0.234375,0.25,0.265625,0.296875,0.234375,,38
0.0,0.125,0.0625,0.0625,0.0625,0.0625,0.0625,0.25,0.125,0.0625,0.125,0.03125,0.0,0.125,0.34375,0.15625,0.3125,0.3125,0.375,0.25,0.28125,0.1875,0.015625,0.0,0.21875,0.171875,0.078125,0.109375,0.234375,0.25,0.265625,0.296875,0.234375,,39
0.0,0.125,0.0625,0.0625,0.0625,0.0625,0.0625,0.25,0.125,0.0625,0.125,0.03125,0.0,0.125,0.34375,0.15625,0.3125,0.3125,0.375,0.25,0.28125,0.1875,0.015625,0.0,0.21875,0.171875,0.078125,0.109375,0.234375,0.25,0.265625,0.296875,0.234375,,40
0.0,0.125,0.0625,0.1875,0.0625,0.0625,0.0625,0.25,0.125,0.0625,0.125,0.03125,0.0,0.15625,0.34375,0.125,0.3125,0.3125,0.4375,0.3125,0.3125,0.1875,0.015625,0.0,0.203125,0.171875,0.09375,0.125,0.265625,0.28125,0.3125,0.34375,0.296875,,41
0.0,0.125,0.0625,0.1875,0.0625,0.0625,0.0625,0.25,0.125,0.0625,0.125,0.03125,0.0,0.15625,0.34375,0.125,0.3125,0.3125,0.4375,0.3125,0.3125,0.1875,0.015625,0.0,0.203125,0.171875,0.09375,0.125,0.265625,0.28125,0.3125,0.34375,0.296875,,42
0.0,0.125,0.0625,0.1875,0.0625,0.0625,0.0625,0.25,0.125,0.0625,0.125,0.03125,0.0,0.15625,0.34375,0.125,0.3125,0.3125,0.4375,0.3125,0.3125,0.1875,0.015625,0.0,0.203125,0.171875,0.09375,0.125,0.265625,0.28125,0.3125,0.34375,0.296875,,43
0.0,0.125,0.0625,0.1875,0.0625,0.0625,0.0625,0.25,0.125,0.0625,0.125,0.03125,0.0,0.15625,0.34375,0.125,0.3125,0.3125,0.4375,0.3125,0.3125,0.1875,0.015625,0.0,0.203125,0.171875,0.09375,0.125,0.265625,0.28125,0.3125,0.34375,0.296875,,44
0.0,0.125,0.0625,0.1875,0.0625,0.0625,0.0625,0.25,0.125,0.0625,0.125,0.03125,0.0,0.15625,0.34375,0.125,0.3125,0.3125,0.4375,0.3125,0.3125,0.1875,0.015625,0.0,0.203125,0.171875,0.09375,0.125,0.265625,0.28125,0.3125,0.34375,0.296875,,45
0.0,0.125,0.125,0.125,0.0,0.0625,0.0625,0.25,0.0625,0.0625,0.25,0.0625,0.0,0.25,0.40625,0.21875,0.3125,0.25,0.34375,0.21875,0.28125,0.28125,0.015625,0.0,0.3125,0.15625,0.140625,0.125,0.328125,0.28125,0.3125,0.421875,0.265625,,46
0.0,0.125,0.125,0.125,0.0,0.0625,0.0625,0.25,0.0625,0.0625,0.25,0.0625,0.0,0.25,0.40625,0.21875,0.3125,0.25,0.34375,0.21875,0.28125,0.28125,0.015625,0.0,0.3125,0.15625,0.140625,0.125,0.328125,0.28125,0.3125,0.421875,0.265625,,47
0.0,0.125,0.125,0.125,0.0,0.0625,0.0625,0.25,0.0625,0.0625,0.25,0.0625,0.0,0.25,0.40625,0.21875,0.3125,0.25,0.34375,0.21875,0.28125,0.28125,0.015625,0.0,0.3125,0.15625,0.140625,0.125,0.328125,0.28125,0.3125,0.421875,0.265625,,48
0.0,0.125,0.125,0.125,0.0,0.0625,0.0625,0.25,0.0625,0.0625,0.25,0.0625,0.0,0.25,0.40625,0.21875,0.3125,0.25,0.34375,0.21875,0.28125,0.28125,0.015625,0.0,0.3125,0.15625,0.140625,0.125,0.328125,0.28125,0.3125,0.421875,0.265625,,49
0.0,0.125,0.125,0.125,0.0,0.0625,0.0625,0.25,0.0625,0.0625,0.25,0.0625,0.0,0.25,0.40625,0.21875,0.3125,0.25,0.34375,0.21875,0.28125,0.28125,0.015625,0.0,0.3125,0.15625,0.140625,0.125,0.328125,0.28125,0.3125,0.421875,0.265625,,50
0.0,0.125,0.125,0.125,0.0,0.0625,0.0625,0.25,0.0625,0.0625,0.25,0.0625,0.0,0.25,0.40625,0.21875,0.3125,0.25,0.34375,0.21875,0.28125,0.28125,0.015625,0.0,0.3125,0.15625,0.140625,0.125,0.328125,0.28125,0.3125,0.421875,0.265625,,51
0.0,0.125,0.1875,0.1875,0.125,0.1875,0.1875,0.3125,0.125,0.0625,0.25,0.0625,0.0,0.34375,0.375,0.3125,0.34375,0.40625,0.4375,0.46875,0.34375,0.28125,0.015625,0.0,0.296875,0.1875,0.15625,0.125,0.3125,0.296875,0.359375,0.328125,0.328125,,52
0.0,0.125,0.1875,0.1875,0.125,0.1875,0.1875,0.3125,0.125,0.0625,0.25,0.0625,0.0,0.34375,0.375,0.3125,0.34375,0.40625,0.4375,0.46875,0.34375,0.28125,0.015625,0.0,0.296875,0.1875,0.15625,0.125,0.3125,0.296875,0.359375,0.328125,0.328125,,53
0.0,0.125,0.1875,0.1875,0.125,0.1875,0.1875,0.3125,0.125,0.0625,0.25,0.0625,0.0,0.34375,0.375,0.3125,0.34375,0.40625,0.4375,0.46875,0.34375,0.28125,0.015625,0.0,0.296875,0.1875,0.15625,0.125,0.3125,0.296875,0.359375,0.328125,0.328125,,54
0.0,0.125,0.1875,0.1875,0.125,0.1875,0.1875,0.3125,0.125,0.0625,0.25,0.0625,0.0,0.34375,0.375,0.3125,0.34375,0.40625,0.4375,0.46875,0.34375,0.28125,0.015625,0.0,0.296875,0.1875,0.15625,0.125,0.3125,0.296875,0.359375,0.328125,0.328125,,55
0.0,0.1875,0.1875,0.1875,0.0625,0.1875,0.25,0.25,0.0625,0.0625,0.3125,0.0625,0.03125,0.28125,0.375,0.375,0.3125,0.375,0.40625,0.5,0.375,0.28125,0.015625,0.0,0.34375,0.171875,0.265625,0.125,0.34375,0.28125,0.453125,0.40625,0.296875,,56
0.0,0.1875,0.1875,0.1875,0.0625,0.1875,0.25,0.25,0.0625,0.0625,0.3125,0.0625,0.03125,0.28125,0.375,0.375,0.3125,0.375,0.40625,0.5,0.375,0.28125,0.015625,0.0,0.34375,0.171875,0.265625,0.125,0.34375,0.28125,0.453125,0.40625,0.296875,,57
0.0,0.1875,0.1875,0.1875,0.0625,0.1875,0.25,0.25,0.0625,0.0625,0.3125,0.0625,0.03125,0.28125,0.375,0.375,0.3125,0.375,0.40625,0.5,0.375,0.28125,0.015625,0.0,0.34375,0.171875,0.265625,0.125,0.34375,0.28125,0.453125,0.40625,0.296875,,58
0.0,0.1875,0.1875,0.1875,0.0625,0.1875,0.25,0.25,0.0625,0.0625,0.3125,0.0625,0.03125,0.28125,0.375,0.375,0.3125,0.375,0.40625,0.5,0.375,0.28125,0.015625,0.0,0.34375,0.171875,0.265625,0.125,0.34375,0.28125,0.453125,0.40625,0.296875,,59
0.0,0.1875,0.1875,0.1875,0.0625,0.1875,0.25,0.25,0.0625,0.0625,0.3125,0.0625,0.03125,0.28125,0.375,0.375,0.3125,0.375,0.40625,0.5,0.375,0.28125,0.015625,0.0,0.34375,0.171875,0.265625,0.125,0.34375,0.28125,0.453125,0.40625,0.296875,,60
0.0,0.1875,0.1875,0.1875,0.0625,0.1875,0.25,0.25,0.0625,0.0625,0.3125,0.0625,0.03125,0.28125,0.375,0.375,0.3125,0.375,0.40625,0.5,0.375,0.28125,0.015625,0.0,0.34375,0.171875,0.265625,0.125,0.34375,0.28125,0.453125,0.40625,0.296875,,61
0.0,0.1875,0.1875,0.25,0.1875,0.25,0.125,0.25,0.3125,0.0625,0.25,0.0625,0.0,0.4375,0.375,0.375,0.3125,0.5,0.46875,0.46875,0.40625,0.25,0.015625,0.0,0.421875,0.171875,0.265625,0.125,0.375,0.28125,0.4375,0.453125,0.328125,,62
0.0,0.1875,0.1875,0.25,0.1875,0.25,0.125,0.25,0.3125,0.0625,0.25,0.0625,0.0,0.4375,0.375,0.375,0.3125,0.5,0.46875,0.46875,0.40625,0.25,0.015625,0.0,0.421875,0.171875,0.265625,0.125,0.375,0.28125,0.4375,0.453125,0.328125,,63
0.0,0.1875,0.1875,0.25,0.1875,0.25,0.125,0.25,0.3125,0.0625,0.25,0.0625,0.0,0.4375,0.375,0.375,0.3125,0.5,0.46875,0.46875,0.40625,0.25,0.015625,0.0,0.421875,0.171875,0.265625,0.125,0.375,0.28125,0.4375,0.453125,0.328125,,64
0.0,0.1875,0.1875,0.25,0.1875,0.25,0.125,0.25,0.3125,0.0625,0.25,0.0625,0.0,0.4375,0.375,0.375,0.3125,0.5,0.46875,0.46875,0.40625,0.25,0.015625,0.0,0.421875,0.171875,0.265625,0.125,0.375,0.28125,0.4375,0.453125,0.328125,,65
0.0,0.1875,0.1875,0.25,0.1875,0.25,0.125,0.25,0.3125,0.0625,0.25,0.0625,0.0,0.4375,0.375,0.375,0.3125,0.5,0.46875,0.46875,0.40625,0.25,0.015625,0.0,0.421875,0.171875,0.265625,0.125,0.375,0.28125,0.4375,0.453125,0.328125,,66
0.0,0.1875,0.1875,0.25,0.375,0.25,0.3125,0.25,0.4375,0.0625,0.25,0.0625,0.03125,0.46875,0.375,0.34375,0.34375,0.5,0.5,0.5625,0.34375,0.40625,0.015625,0.0,0.5,0.1875,0.3125,0.125,0.328125,0.328125,0.4375,0.4375,0.328125,,67
0.0,0.1875,0.1875,0.25,0.375,0.25,0.3125,0.25,0.4375,0.0625,0.25,0.0625,0.03125,0.46875,0.375,0.34375,0.34375,0.5,0.5,0.5625,0.34375,0.40625,0.015625,0.0,0.5,0.1875,0.3125,0.125,0.328125,0.328125,0.4375,0.4375,0.328125,,68
0.0,0.1875,0.1875,0.25,0.375,0.25,0.3125,0.25,0.4375,0.0625,0.25,0.0625,0.03125,0.46875,0.375,0.34375,0.34375,0.5,0.5,0.5625,0.34375,0.40625,0.015625,0.0,0.5,0.1875,0.3125,0.125,0.328125,0.328125,0.4375,0.4375,0.328125,,69
0.0,0.1875,0.1875,0.25,0.375,0.25,0.3125,0.25,0.4375,0.0625,0.25,0.0625,0.03125,0.46875,0.375,0.34375,0.34375,0.5,0.5,0.5625,0.34375,0.40625,0.015625,0.0,0.5,0.1875,0.3125,0.125,0.328125,0.328125,0.4375,0.4375,0.328125,,70
0.0,0.1875,0.1875,0.25,0.375,0.25,0.3125,0.25,0.4375,0.0625,0.25,0.0625,0.03125,0.46875,0.375,0.34375,0.34375,0.5,0.5,0.5625,0.34375,0.40625,0.015625,0.0,0.5,0.1875,0.3125,0.125,0.328125,0.328125,0.4375,0.4375,0.328125,,71
0.0,0.1875,0.1875,0.25,0.375,0.25,0.3125,0.25,0.4375,0.0625,0.25,0.0625,0.03125,0.46875,0.375,0.34375,0.34375,0.5,0.5,0.5625,0.34375,0.40625,0.015625,0.0,0.5,0.1875,0.3125,0.125,0.328125,0.328125,0.4375,0.4375,0.328125,,72
0.0,0.1875,0.1875,0.25,0.375,0.25,0.4375,0.3125,0.4375,0.0625,0.375,0.0625,0.03125,0.4375,0.40625,0.375,0.40625,0.46875,0.40625,0.5625,0.34375,0.40625,0.015625,0.0,0.453125,0.171875,0.328125,0.125,0.484375,0.296875,0.5,0.515625,0.3125,,73
0.0,0.1875,0.1875,0.25,0.375,0.25,0.4375,0.3125,0.4375,0.0625,0.375,0.0625,0.03125,0.4375,0.40625,0.375,0.40625,0.46875,0.40625,0.5625,0.34375,0.40625,0.015625,0.0,0.453125,0.171875,0.328125,0.125,0.484375,0.296875,0.5,0.515625,0.3125,,74
0.0,0.1875,0.1875,0.25,0.375,0.25,0.4375,0.3125,0.4375,0.0625,0.375,0.0625,0.03125,0.4375,0.40625,0.375,0.40625,0.46875,0.40625,0.5625,0.34375,0.40625,0.015625,0.0,0.453125,0.171875,0.328125,0.125,0.484375,0.296875,0.5,0.515625,0.3125,,75
0.0,0.1875,0.1875,0.25,0.375,0.25,0.4375,0.3125,0.4375,0.0625,0.375,0.0625,0.03125,0.4375,0.40625,0.375,0.40625,0.46875,0.40625,0.5625,0.34375,0.40625,0.015625,0.0,0.453125,0.171875,0.328125,0.125,0.484375,0.296875,0.5,0.515625,0.3125,,76
0.0,0.1875,0.25,0.3125,0.375,0.1875,0.4375,0.1875,0.3125,0.0625,0.375,0.0625,0.03125,0.4375,0.4375,0.5,0.40625,0.5625,0.4375,0.625,0.40625,0.40625,0.015625,0.0,0.5,0.15625,0.375,0.125,0.46875,0.296875,0.578125,0.515625,0.328125,,77
0.0,0.1875,0.25,0.3125,0.375,0.1875,0.4375,0.1875,0.3125,0.0625,0.375,0.0625,0.03125,0.4375,0.4375,0.5,0.40625,0.5625,0.4375,0.625,0.40625,0.40625,0.015625,0.0,0.5,0.15625,0.375,0.125,0.46875,0.296875,0.578125,0.515625,0.328125,,78
0.0,0.1875,0.25,0.3125,0.375,0.1875,0.4375,0.1875,0.3125,0.0625,0.375,0.0625,0.03125,0.4375,0.4375,0.5,0.40625,0.5625,0.4375,0.625,0.40625,0.40625,0.015625,0.0,0.5,0.15625,0.375,0.125,0.46875,0.296875,0.578125,0.515625,0.328125,,79
0.0,0.1875,0.25,0.3125,0.375,0.1875,0.4375,0.1875,0.3125,0.0625,0.375,0.0625,0.03125,0.4375,0.4375,0.5,0.40625,0.5625,0.4375,0.625,0.40625,0.40625,0.015625,0.0,0.5,0.15625,0.375,0.125,0.46875,0.296875,0.578125,0.515625,0.328125,,80
0.0,0.1875,0.25,0.3125,0.375,0.1875,0.4375,0.1875,0.3125,0.0625,0.375,0.0625,0.03125,0.4375,0.4375,0.5,0.40625,0.5625,0.4375,0.625,0.40625,0.40625,0.015625,0.0,0.5,0.15625,0.375,0.125,0.46875,0.296875,0.578125,0.515625,0.328125,,81
0.0,0.1875,0.25,0.3125,0.375,0.1875,0.4375,0.1875,0.3125,0.0625,0.375,0.0625,0.03125,0.4375,0.4375,0.5,0.40625,0.5625,0.4375,0.625,0.40625,0.40625,0.015625,0.0,0.5,0.15625,0.375,0.125,0.46875,0.296875,0.578125,0.515625,0.328125,,82
0.0,0.1875,0.3125,0.3125,0.3125,0.1875,0.5625,0.25,0.4375,0.0625,0.3125,0.0625,0.03125,0.46875,0.40625,0.5625,0.375,0.5625,0.5,0.53125,0.34375,0.40625,0.015625,0.0,0.53125,0.171875,0.359375,0.125,0.40625,0.328125,0.5625,0.53125,0.34375,,83
0.0,0.1875,0.3125,0.3125,0.3125,0.1875,0.5625,0.25,0.4375,0.0625,0.3125,0.0625,0.03125,0.46875,0.40625,0.5625,0.375,0.5625,0.5,0.53125,0.34375,0.40625,0.015625,0.0,0.53125,0.171875,0.359375,0.125,0.40625,0.328125,0.5625,0.53125,0.34375,,84
0.0,0.1875,0.3125,0.3125,0.3125,0.1875,0.5625,0.25,0.4375,0.0625,0.3125,0.0625,0.03125,0.46875,0.40625,0.5625,0.375,0.5625,0.5,0.53125,0.34375,0.40625,0.015625,0.0,0.53125,0.171875,0.359375,0.125,0.40625,0.328125,0.5625,0.53125,0.34375,,85
0.0,0.1875,0.3125,0.3125,0.3125,0.1875,0.5625,0.25,0.4375,0.0625,0.3125,0.0625,0.03125,0.46875,0.40625,0.5625,0.375,0.5625,0.5,0.53125,0.34375,0.40625,0.015625,0.0,0.53125,0.171875,0.359375,0.125,0.40625,0.328125,0.5625,0.53125,0.34375,,86
0.0,0.1875,0.3125,0.3125,0.3125,0.1875,0.5625,0.25,0.4375,0.0625,0.3125,0.0625,0.03125,0.46875,0.40625,0.5625,0.375,0.5625,0.5,0.53125,0.34375,0.40625,0.015625,0.0,0.53125,0.171875,0.359375,0.125,0.40625,0.328125,0.5625,0.53125,0.34375,,87
0.0,0.25,0.3125,0.375,0.4375,0.1875,0.5625,0.25,0.5625,0.0625,0.3125,0.0625,0.03125,0.5,0.46875,0.65625,0.375,0.5625,0.5,0.6875,0.3125,0.5,0.015625,0.0,0.5625,0.171875,0.4375,0.125,0.484375,0.359375,0.609375,0.546875,0.359375,,88
0.0,0.25,0.3125,0.375,0.4375,0.1875,0.5625,0.25,0.5625,0.0625,0.3125,0.0625,0.03125,0.5,0.46875,0.65625,0.375,0.5625,0.5,0.6875,0.3125,0.5,0.015625,0.0,0.5625,0.171875,0.4375,0.125,0.484375,0.359375,0.609375,0.546875,0.359375,,89
0.0,0.25,0.3125,0.375,0.4375,0.1875,0.5625,0.25,0.5625,0.0625,0.3125,0.0625,0.03125,0.5,0.46875,0.65625,0.375,0.5625,0.5,0.6875,0.3125,0.5,0.015625,0.0,0.5625,0.171875,0.4375,0.125,0.484375,0.359375,0.609375,0.546875,0.359375,,90
0.0,0.25,0.3125,0.375,0.4375,0.1875,0.5625,0.25,0.5625,0.0625,0.3125,0.0625,0.03125,0.5,0.46875,0.65625,0.375,0.5625,0.5,0.6875,0.3125,0.5,0.015625,0.0,0.5625,0.171875,0.4375,0.125,0.484375,0.359375,0.609375,0.546875,0.359375,,91
0.0,0.25,0.3125,0.375,0.375,0.1875,0.625,0.3125,0.5,0.0625,0.375,0.0625,0.0625,0.53125,0.40625,0.5,0.40625,0.625,0.53125,0.59375,0.375,0.5625,0.015625,0.0,0.59375,0.171875,0.46875,0.109375,0.5,0.328125,0.546875,0.5625,0.390625,,92
0.0,0.25,0.3125,0.375,0.375,0.1875,0.625,0.3125,0.5,0.0625,0.375,0.0625,0.0625,0.53125,0.40625,0.5,0.40625,0.625,0.53125,0.59375,0.375,0.5625,0.015625,0.0,0.59375,0.171875,0.46875,0.109375,0.5,0.328125,0.546875,0.5625,0.390625,,93
0.0,0.25,0.3125,0.375,0.375,0.1875,0.625,0.3125,0.5,0.0625,0.375,0.0625,0.0625,0.53125,0.40625,0.5,0.40625,0.625,0.53125,0.59375,0.375,0.5625,0.015625,0.0,0.59375,0.171875,0.46875,0.109375,0.5,0.328125,0.546875,0.5625,0.390625,,94
0.0,0.25,0.3125,0.375,0.375,0.1875,0.625,0.3125,0.5,0.0625,0.375,0.0625,0.0625,0.53125,0.40625,0.5,0.40625,0.625,0.53125,0.59375,0.375,0.5625,0.015625,0.0,0.59375,0.171875,0.46875,0.109375,0.5,0.328125,0.546875,0.5625,0.390625,,95
0.0,0.25,0.3125,0.375,0.375,0.1875,0.625,0.3125,0.5,0.0625,0.375,0.0625,0.0625,0.53125,0.40625,0.5,0.40625,0.625,0.53125,0.59375,0.375,0.5625,0.015625,0.0,0.59375,0.171875,0.46875,0.109375,0.5,0.328125,0.546875,0.5625,0.390625,,96
0.0,0.25,0.3125,0.375,0.375,0.1875,0.625,0.3125,0.5,0.0625,0.375,0.0625,0.0625,0.53125,0.40625,0.5,0.40625,0.625,0.53125,0.59375,0.375,0.5625,0.015625,0.0,0.59375,0.171875,0.46875,0.109375,0.5,0.328125,0.546875,0.5625,0.390625,,97
0.0,0.25,0.25,0.375,0.4375,0.25,0.625,0.3125,0.5625,0.0,0.375,0.0625,0.03125,0.53125,0.40625,0.5625,0.40625,0.53125,0.5625,0.59375,0.375,0.53125,0.015625,0.0,0.578125,0.171875,0.484375,0.125,0.5,0.375,0.53125,0.515625,0.328125,,98
0.0,0.25,0.25,0.375,0.4375,0.25,0.625,0.3125,0.5625,0.0,0.375,0.0625,0.03125,0.53125,0.40625,0.5625,0.40625,0.53125,0.5625,0.59375,0.375,0.53125,0.015625,0.0,0.578125,0.171875,0.484375,0.125,0.5,0.375,0.53125,0.515625,0.328125,,99
0.0,0.25,0.25,0.375,0.4375,0.25,0.625,0.3125,0.5625,0.0,0.375,0.0625,0.03125,0.53125,0.40625,0.5625,0.40625,0.53125,0.5625,0.59375,0.375,0.53125,0.015625,0.0,0.578125,0.171875,0.484375,0.125,0.5,0.375,0.53125,0.515625,0.328125,,100
0.0,0.25,0.25,0.375,0.4375,0.25,0.625,0.3125,0.5625,0.0,0.375,0.0625,0.03125,0.53125,0.40625,0.5625,0.40625,0.53125,0.5625,0.59375,0.375,0.53125,0.015625,0.0,0.578125,0.171875,0.484375,0.125,0.5,0.375,0.53125,0.515625,0.328125,,101
0.0,0.25,0.3125,0.375,0.625,0.25,0.625,0.25,0.5,0.0,0.3125,0.0625,0.0625,0.59375,0.375,0.59375,0.40625,0.625,0.625,0.625,0.40625,0.5625,0.015625,0.0,0.671875,0.203125,0.515625,0.109375,0.546875,0.359375,0.53125,0.578125,0.3125,,102
0.0,0.25,0.3125,0.375,0.625,0.25,0.625,0.25,0.5,0.0,0.3125,0.0625,0.0625,0.59375,0.375,0.59375,0.40625,0.625,0.625,0.625,0.40625,0.5625,0.015625,0.0,0.671875,0.203125,0.515625,0.109375,0.546875,0.359375,0.53125,0.578125,0.3125,,103
0.0,0.25,0.3125,0.375,0.625,0.25,0.625,0.25,0.5,0.0,0.3125,0.0625,0.0625,0.59375,0.375,0.59375,0.40625,0.625,0.625,0.625,0.40625,0.5625,0.015625,0.0,0.671875,0.203125,0.515625,0.109375,0.546875,0.359375,0.53125,0.578125,0.3125,,104
0.0,0.25,0.3125,0.375,0.625,0.25,0.625,0.25,0.5,0.0,0.3125,0.0625,0.0625,0.59375,0.375,0.59375,0.40625,0.625,0.625,0.625,0.40625,0.5625,0.015625,0.0,0.671875,0.203125,0.515625,0.109375,0.546875,0.359375,0.53125,0.578125,0.3125,,105
0.0,0.25,0.3125,0.375,0.625,0.25,0.625,0.25,0.5,0.0,0.3125,0.0625,0.0625,0.59375,0.375,0.59375,0.40625,0.625,0.625,0.625,0.40625,0.5625,0.015625,0.0,0.671875,0.203125,0.515625,0.109375,0.546875,0.359375,0.53125,0.578125,0.3125,,106
0.0,0.25,0.25,0.375,0.5,0.25,0.5625,0.3125,0.625,0.0625,0.375,0.0625,0.0625,0.53125,0.4375,0.59375,0.5,0.59375,0.53125,0.59375,0.40625,0.625,0.015625,0.0,0.625,0.1875,0.5,0.109375,0.546875,0.40625,0.65625,0.578125,0.390625,,107
0.0,0.25,0.25,0.375,0.5,0.25,0.5625,0.3125,0.625,0.0625,0.375,0.0625,0.0625,0.53125,0.4375,0.59375,0.5,0.59375,0.53125,0.59375,0.40625,0.625,0.015625,0.0,0.625,0.1875,0.5,0.109375,0.546875,0.40625,0.65625,0.578125,0.390625,,108
0.0,0.25,0.25,0.375,0.5,0.25,0.5625,0.3125,0.625,0.0625,0.375,0.0625,0.0625,0.53125,0.4375,0.59375,0.5,0.59375,0.53125,0.59375,0.40625,0.625,0.015625,0.0,0.625,0.1875,0.5,0.109375,0.546875,0.40625,0.65625,0.578125,0.390625,,109
0.0,0.25,0.25,0.375,0.5,0.25,0.5625,0.3125,0.625,0.0625,0.375,0.0625,0.0625,0.53125,0.4375,0.59375,0.5,0.59375,0.53125,0.59375,0.40625,0.625,0.015625,0.0,0.625,0.1875,0.5,0.109375,0.546875,0.40625,0.65625,0.578125,0.390625,,110
0.0,0.25,0.25,0.375,0.5,0.25,0.5625,0.3125,0.625,0.0625,0.375,0.0625,0.0625,0.53125,0.4375,0.59375,0.5,0.59375,0.53125,0.59375,0.40625,0.625,0.015625,0.0,0.625,0.1875,0.5,0.109375,0.546875,0.40625,0.65625,0.578125,0.390625,,111
0.0,0.25,0.3125,0.375,0.5,0.25,0.5625,0.25,0.6875,0.0,0.375,0.0625,0.0625,0.65625,0.4375,0.5625,0.4375,0.65625,0.59375,0.6875,0.46875,0.625,0.015625,0.0,0.640625,0.140625,0.515625,0.125,0.53125,0.375,0.609375,0.625,0.328125,,112
0.0,0.25,0.3125,0.375,0.5,0.25,0.5625,0.25,0.6875,0.0,0.375,0.0625,0.0625,0.65625,0.4375,0.5625,0.4375,0.65625,0.59375,0.6875,0.46875,0.625,0.015625,0.0,0.640625,0.140625,0.515625,0.125,0.53125,0.375,0.609375,0.625,0.328125,,113
0.0,0.25,0.3125,0.375,0.5,0.25,0.5625,0.25,0.6875,0.0,0.375,0.0625,0.0625,0.65625,0.4375,0.5625,0.4375,0.65625,0.59375,0.6875,0.46875,0.625,0.015625,0.0,0.640625,0.140625,0.515625,0.125,0.53125,0.375,0.609375,0.625,0.328125,,114
0.0,0.25,0.3125,0.375,0.5,0.25,0.5625,0.25,0.6875,0.0,0.375,0.0625,0.0625,0.65625,0.4375,0.5625,0.4375,0.65625,0.59375,0.6875,0.46875,0.625,0.015625,0.0,0.640625,0.140625,0.515625,0.125,0.53125,0.375,0.609375,0.625,0.328125,,115
0.0,0.25,0.3125,0.375,0.5625,0.25,0.5625,0.25,0.6875,0.0625,0.375,0.0625,0.0625,0.625,0.46875,0.625,0.53125,0.65625,0.625,0.71875,0.4375,0.59375,0.015625,0.0,0.671875,0.1875,0.5,0.109375,0.609375,0.375,0.71875,0.546875,0.390625,,116
0.0,0.25,0.3125,0.375,0.5625,0.25,0.5625,0.25,0.6875,0.0625,0.375,0.0625,0.0625,0.625,0.46875,0.625,0.53125,0.65625,0.625,0.71875,0.4375,0.59375,0.015625,0.0,0.671875,0.1875,0.5,0.109375,0.609375,0.375,0.71875,0.546875,0.390625,,117
0.0,0.25,0.3125,0.375,0.5625,0.25,0.5625,0.25,0.6875,0.0625,0.375,0.0625,0.0625,0.625,0.46875,0.625,0.53125,0.65625,0.625,0.71875,0.4375,0.59375,0.015625,0.0,0.671875,0.1875,0.5,0.109375,0.609375,0.375,0.71875,0.546875,0.390625,,118
0.0,0.25,0.3125,0.375,0.5625,0.25,0.5625,0.25,0.6875,0.0625,0.375,0.0625,0.0625,0.625,0.46875,0.625,0.53125,0.65625,0.625,0.71875,0.4375,0.59375,0.015625,0.0,0.671875,0.1875,0.5,0.109375,0.609375,0.375,0.71875,0.546875,0.390625,,119
0.0,0.25,0.3125,0.375,0.5625,0.25,0.6875,0.3125,0.6875,0.0625,0.3125,0.0625,0.0625,0.65625,0.4375,0.6875,0.5625,0.71875,0.65625,0.78125,0.5,0.6875,0.015625,0.0,0.75,0.15625,0.5625,0.109375,0.5625,0.390625,0.65625,0.578125,0.359375,,120
0.0,0.25,0.3125,0.375,0.5625,0.25,0.6875,0.3125,0.6875,0.0625,0.3125,0.0625,0.0625,0.65625,0.4375,0.6875,0.5625,0.71875,0.65625,0.78125,0.5,0.6875,0.015625,0.0,0.75,0.15625,0.5625,0.109375,0.5625,0.390625,0.65625,0.578125,0.359375,,121
0.0,0.25,0.3125,0.375,0.5625,0.25,0.6875,0.3125,0.6875,0.0625,0.3125,0.0625,0.0625,0.65625,0.4375,0.6875,0.5625,0.71875,0.65625,0.78125,0.5,0.6875,0.015625,0.0,0.75,0.15625,0.5625,0.109375,0.5625,0.390625,0.65625,0.578125,0.359375,,122
0.0,0.25,0.3125,0.375,0.5625,0.25,0.6875,0.3125,0.6875,0.0625,0.3125,0.0625,0.0625,0.65625,0.4375,0.6875,0.5625,0.71875,0.65625,0.78125,0.5,0.6875,0.015625,0.0,0.75,0.15625,0.5625,0.109375,0.5625,0.390625,0.65625,0.578125,0.359375,,123
0.0,0.25,0.3125,0.375,0.5625,0.25,0.6875,0.3125,0.6875,0.0625,0.3125,0.0625,0.0625,0.65625,0.4375,0.6875,0.5625,0.71875,0.65625,0.78125,0.5,0.6875,0.015625,0.0,0.75,0.15625,0.5625,0.109375,0.5625,0.390625,0.65625,0.578125,0.359375,,124
0.0,0.25,0.3125,0.375,0.5625,0.25,0.6875,0.3125,0.6875,0.0625,0.3125,0.0625,0.0625,0.65625,0.4375,0.6875,0.5625,0.71875,0.65625,0.78125,0.5,0.6875,0.015625,0.0,0.75,0.15625,0.5625,0.109375,0.5625,0.390625,0.65625,0.578125,0.359375,,125
0.0,0.1875,0.3125,0.4375,0.5625,0.25,0.5625,0.25,0.6875,0.0625,0.375,0.03125,0.0625,0.59375,0.4375,0.71875,0.53125,0.71875,0.625,0.625,0.5,0.59375,0.015625,0.0,0.640625,0.15625,0.59375,0.125,0.625,0.390625,0.6875,0.65625,0.421875,,126
0.0,0.1875,0.3125,0.4375,0.5625,0.25,0.5625,0.25,0.6875,0.0625,0.375,0.03125,0.0625,0.59375,0.4375,0.71875,0.53125,0.71875,0.625,0.625,0.5,0.59375,0.015625,0.0,0.640625,0.15625,0.59375,0.125,0.625,0.390625,0.6875,0.65625,0.421875,,127
0.0,0.1875,0.3125,0.4375,0.5625,0.25,0.5625,0.25,0.6875,0.0625,0.375,0.03125,0.0625,0.59375,0.4375,0.71875,0.53125,0.71875,0.625,0.625,0.5,0.59375,0.015625,0.0,0.640625,0.15625,0.59375,0.125,0.625,0.390625,0.6875,0.65625,0.421875,,128
0.0,0.1875,0.3125,0.4375,0.5625,0.25,0.5625,0.25,0.6875,0.0625,0.375,0.03125,0.0625,0.59375,0.4375,0.71875,0.53125,0.71875,0.625,0.625,0.5,0.59375,0.015625,0.0,0.640625,0.15625,0.59375,0.125,0.625,0.390625,0.6875,0.65625,0.421875,,129
0.0,0.1875,0.3125,0.4375,0.5625,0.25,0.5625,0.25,0.6875,0.0625,0.375,0.03125,0.0625,0.59375,0.4375,0.71875,0.53125,0.71875,0.625,0.625,0.5,0.59375,0.015625,0.0,0.640625,0.15625,0.59375,0.125,0.625,0.390625,0.6875,0.65625,0.421875,,130
0.0,0.1875,0.3125,0.4375,0.5625,0.25,0.5625,0.25,0.6875,0.0625,0.375,0.03125,0.0625,0.59375,0.4375,0.71875,0.53125,0.71875,0.625,0.625,0.5,0.59375,0.015625,0.0,0.640625,0.15625,0.59375,0.125,0.625,0.390625,0.6875,0.65625,0.421875,,131
0.0,0.1875,0.3125,0.4375,0.5625,0.25,0.5625,0.25,0.6875,0.0625,0.375,0.03125,0.0625,0.59375,0.4375,0.71875,0.53125,0.71875,0.625,0.625,0.5,0.59375,0.015625,0.0,0.640625,0.15625,0.59375,0.125,0.625,0.390625,0.6875,0.65625,0.421875,,132
0.0,0.1875,0.375,0.4375,0.625,0.375,0.625,0.4375,0.6875,0.0,0.3125,0.0625,0.0625,0.5625,0.5,0.6875,0.65625,0.75,0.59375,0.71875,0.5,0.6875,0.015625,0.0,0.71875,0.1875,0.578125,0.125,0.65625,0.40625,0.640625,0.65625,0.328125,,133
0.0,0.1875,0.375,0.4375,0.625,0.375,0.625,0.4375,0.6875,0.0,0.3125,0.0625,0.0625,0.5625,0.5,0.6875,0.65625,0.75,0.59375,0.71875,0.5,0.6875,0.015625,0.0,0.71875,0.1875,0.578125,0.125,0.65625,0.40625,0.640625,0.65625,0.328125,,134
0.0,0.1875,0.375,0.4375,0.625,0.375,0.625,0.4375,0.6875,0.0,0.3125,0.0625,0.0625,0.5625,0.5,0.6875,0.65625,0.75,0.59375,0.71875,0.5,0.6875,0.015625,0.0,0.71875,0.1875,0.578125,0.125,0.65625,0.40625,0.640625,0.65625,0.328125,,135
0.0,0.1875,0.375,0.4375,0.625,0.375,0.625,0.4375,0.6875,0.0,0.3125,0.0625,0.0625,0.5625,0.5,0.6875,0.65625,0.75,0.59375,0.71875,0.5,0.6875,0.015625,0.0,0.71875,0.1875,0.578125,0.125,0.65625,0.40625,0.640625,0.65625,0.328125,,136
0.0,0.1875,0.375,0.4375,0.625,0.375,0.625,0.4375,0.6875,0.0,0.3125,0.0625,0.0625,0.5625,0.5,0.6875,0.65625,0.75,0.59375,0.71875,0.5,0.6875,0.015625,0.0,0.71875,0.1875,0.578125,0.125,0.65625,0.40625,0.640625,0.65625,0.328125,,137
0.0,0.3125,0.4375,0.4375,0.5625,0.375,0.6875,0.375,0.625,0.0625,0.3125,0.0625,0.0625,0.625,0.4375,0.6875,0.5625,0.875,0.5625,0.75,0.5,0.6875,0.015625,0.0,0.796875,0.1875,0.5625,0.125,0.640625,0.375,0.71875,0.640625,0.421875,,138
0.0,0.3125,0.4375,0.4375,0.5625,0.375,0.6875,0.375,0.625,0.0625,0.3125,0.0625,0.0625,0.625,0.4375,0.6875,0.5625,0.875,0.5625,0.75,0.5,0.6875,0.015625,0.0,0.796875,0.1875,0.5625,0.125,0.640625,0.375,0.71875,0.640625,0.421875,,139
0.0,0.3125,0.4375,0.4375,0.5625,0.375,0.6875,0.375,0.625,0.0625,0.3125,0.0625,0.0625,0.625,0.4375,0.6875,0.5625,0.875,0.5625,0.75,0.5,0.6875,0.015625,0.0,0.796875,0.1875,0.5625,0.125,0.640625,0.375,0.71875,0.640625,0.421875,,140
0.0,0.3125,0.4375,0.4375,0.5625,0.375,0.6875,0.375,0.625,0.0625,0.3125,0.0625,0.0625,0.625,0.4375,0.6875,0.5625,0.875,0.5625,0.75,0.5,0.6875,0.015625,0.0,0.796875,0.1875,0.5625,0.125,0.640625,0.375,0.71875,0.640625,0.421875,,141
0.0,0.3125,0.4375,0.4375,0.5625,0.375,0.6875,0.375,0.625,0.0625,0.3125,0.0625,0.0625,0.625,0.4375,0.6875,0.5625,0.875,0.5625,0.75,0.5,0.6875,0.015625,0.0,0.796875,0.1875,0.5625,0.125,0.640625,0.375,0.71875,0.640625,0.421875,,142
0.0,0.3125,0.4375,0.4375,0.5625,0.375,0.6875,0.375,0.625,0.0625,0.3125,0.0625,0.0625,0.625,0.4375,0.6875,0.5625,0.875,0.5625,0.75,0.5,0.6875,0.015625,0.0,0.796875,0.1875,0.5625,0.125,0.640625,0.375,0.71875,0.640625,0.421875,,143
0.0,0.25,0.375,0.4375,0.625,0.3125,0.5,0.375,0.625,0.0625,0.375,0.0625,0.0625,0.6875,0.34375,0.6875,0.59375,0.75,0.71875,0.84375,0.46875,0.71875,0.015625,0.0,0.734375,0.171875,0.5625,0.109375,0.625,0.390625,0.640625,0.625,0.40625,,144
0.0,0.25,0.375,0.4375,0.625,0.3125,0.5,0.375,0.625,0.0625,0.375,0.0625,0.0625,0.6875,0.34375,0.6875,0.59375,0.75,0.71875,0.84375,0.46875,0.71875,0.015625,0.0,0.734375,0.171875,0.5625,0.109375,0.625,0.390625,0.640625,0.625,0.40625,,145
0.0,0.25,0.375,0.4375,0.625,0.3125,0.5,0.375,0.625,0.0625,0.375,0.0625,0.0625,0.6875,0.34375,0.6875,0.59375,0.75,0.71875,0.84375,0.46875,0.71875,0.015625,0.0,0.734375,0.171875,0.5625,0.109375,0.625,0.390625,0.640625,0.625,0.40625,,146
0.0,0.25,0.375,0.4375,0.625,0.3125,0.5,0.375,0.625,0.0625,0.375,0.0625,0.0625,0.6875,0.34375,0.6875,0.59375,0.75,0.71875,0.84375,0.46875,0.71875,0.015625,0.0,0.734375,0.171875,0.5625,0.109375,0.625,0.390625,0.640625,0.625,0.40625,,147
0.0,0.25,0.25,0.4375,0.5,0.3125,0.5625,0.375,0.6875,0.0625,0.3125,0.0625,0.0625,0.65625,0.40625,0.75,0.71875,0.84375,0.6875,0.75,0.53125,0.65625,0.015625,0.0,0.734375,0.203125,0.515625,0.109375,0.578125,0.390625,0.640625,0.625,0.359375,,148
0.0,0.25,0.25,0.4375,0.5,0.3125,0.5625,0.375,0.6875,0.0625,0.3125,0.0625,0.0625,0.65625,0.40625,0.75,0.71875,0.84375,0.6875,0.75,0.53125,0.65625,0.015625,0.0,0.734375,0.203125,0.515625,0.109375,0.578125,0.390625,0.640625,0.625,0.359375,,149
0.0,0.25,0.25,0.4375,0.5,0.3125,0.5625,0.375,0.6875,0.0625,0.3125,0.0625,0.0625,0.65625,0.40625,0.75,0.71875,0.84375,0.6875,0.75,0.53125,0.65625,0.015625,0.0,0.734375,0.203125,0.515625,0.109375,0.578125,0.390625,0.640625,0.625,0.359375,,150
0.0,0.25,0.25,0.4375,0.5,0.3125,0.5625,0.375,0.6875,0.0625,0.3125,0.0625,0.0625,0.65625,0.40625,0.75,0.71875,0.84375,0.6875,0.75,0.53125,0.65625,0.015625,0.0,0.734375,0.203125,0.515625,0.109375,0.578125,0.390625,0.640625,0.625,0.359375,,151
0.0,0.3125,0.3125,0.375,0.625,0.375,0.5,0.375,0.625,0.0,0.3125,0.0625,0.0625,0.53125,0.40625,0.59375,0.65625,0.84375,0.59375,0.65625,0.53125,0.71875,0.015625,0.0,0.796875,0.15625,0.546875,0.09375,0.671875,0.4375,0.6875,0.6875,0.4375,,152
0.0,0.3125,0.3125,0.375,0.625,0.375,0.5,0.375,0.625,0.0,0.3125,0.0625,0.0625,0.53125,0.40625,0.59375,0.65625,0.84375,0.59375,0.65625,0.53125,0.71875,0.015625,0.0,0.796875,0.15625,0.546875,0.09375,0.671875,0.4375,0.6875,0.6875,0.4375,,153
0.0,0.3125,0.3125,0.375,0.625,0.375,0.5,0.375,0.625,0.0,0.3125,0.0625,0.0625,0.53125,0.40625,0.59375,0.65625,0.84375,0.59375,0.65625,0.53125,0.71875,0.015625,0.0,0.796875,0.15625,0.546875,0.09375,0.671875,0.4375,0.6875,0.6875,0.4375,,154
0.0,0.3125,0.3125,0.375,0.625,0.375,0.5,0.375,0.625,0.0,0.3125,0.0625,0.0625,0.53125,0.40625,0.59375,0.65625,0.84375,0.59375,0.65625,0.53125,0.71875,0.015625,0.0,0.796875,0.15625,0.546875,0.09375,0.671875,0.4375,0.6875,0.6875,0.4375,,155
0.0,0.3125,0.3125,0.375,0.625,0.375,0.5,0.375,0.625,0.0,0.3125,0.0625,0.0625,0.53125,0.40625,0.59375,0.65625,0.84375,0.59375,0.65625,0.53125,0.71875,0.015625,0.0,0.796875,0.15625,0.546875,0.09375,0.671875,0.4375,0.6875,0.6875,0.4375,,156
0.0,0.3125,0.375,0.375,0.625,0.375,0.5625,0.375,0.6875,0.125,0.375,0.03125,0.0625,0.625,0.46875,0.65625,0.65625,0.78125,0.65625,0.75,0.53125,0.75,0.015625,0.0,0.765625,0.15625,0.59375,0.078125,0.609375,0.40625,0.640625,0.671875,0.390625,,157
0.0,0.3125,0.375,0.375,0.625,0.375,0.5625,0.375,0.6875,0.125,0.375,0.03125,0.0625,0.625,0.46875,0.65625,0.65625,0.78125,0.65625,0.75,0.53125,0.75,0.015625,0.0,0.765625,0.15625,0.59375,0.078125,0.609375,0.40625,0.640625,0.671875,0.390625,,158
0.0,0.3125,0.375,0.375,0.625,0.375,0.5625,0.375,0.6875,0.125,0.375,0.03125,0.0625,0.625,0.46875,0.65625,0.65625,0.78125,0.65625,0.75,0.53125,0.75,0.015625,0.0,0.765625,0.15625,0.59375,0.078125,0.609375,0.40625,0.640625,0.671875,0.390625,,159
0.0,0.3125,0.375,0.375,0.625,0.375,0.5625,0.375,0.6875,0.125,0.375,0.03125,0.0625,0.625,0.46875,0.65625,0.65625,0.78125,0.65625,0.75,0.53125,0.75,0.015625,0.0,0.765625,0.15625,0.59375,0.078125,0.609375,0.40625,0.640625,0.671875,0.390625,,160
0.0,0.3125,0.375,0.375,0.625,0.375,0.5625,0.375,0.6875,0.125,0.375,0.03125,0.0625,0.625,0.46875,0.65625,0.65625,0.78125,0.65625,0.75,0.53125,0.75,0.015625,0.0,0.765625,0.15625,0.59375,0.078125,0.609375,0.40625,0.640625,0.671875,0.390625,,161
0.0,0.3125,0.4375,0.375,0.5625,0.4375,0.6875,0.375,0.6875,0.1875,0.375,0.0625,0.0625,0.625,0.53125,0.75,0.71875,0.8125,0.75,0.84375,0.5625,0.8125,0.015625,0.0,0.796875,0.21875,0.59375,0.109375,0.640625,0.421875,0.65625,0.71875,0.390625,,162
0.0,0.3125,0.4375,0.375,0.5625,0.4375,0.6875,0.375,0.6875,0.1875,0.375,0.0625,0.0625,0.625,0.53125,0.75,0.71875,0.8125,0.75,0.84375,0.5625,0.8125,0.015625,0.0,0.796875,0.21875,0.59375,0.109375,0.640625,0.421875,0.65625,0.71875,0.390625,,163
0.0,0.3125,0.4375,0.375,0.625,0.4375,0.625,0.375,0.75,0.1875,0.3125,0.03125,0.0625,0.65625,0.53125,0.71875,0.65625,0.875,0.6875,0.65625,0.59375,0.75,0.015625,0.0,0.8125,0.171875,0.515625,0.09375,0.59375,0.421875,0.6875,0.65625,0.421875,,164
0.0,0.3125,0.4375,0.375,0.625,0.4375,0.625,0.375,0.75,0.1875,0.3125,0.03125,0.0625,0.65625,0.53125,0.71875,0.65625,0.875,0.6875,0.65625,0.59375,0.75,0.015625,0.0,0.8125,0.171875,0.515625,0.09375,0.59375,0.421875,0.6875,0.65625,0.421875,,165
0.0,0.3125,0.4375,0.375,0.625,0.4375,0.625,0.375,0.75,0.1875,0.3125,0.03125,0.0625,0.65625,0.53125,0.71875,0.65625,0.875,0.6875,0.65625,0.59375,0.75,0.015625,0.0,0.8125,0.171875,0.515625,0.09375,0.59375,0.421875,0.6875,0.65625,0.421875,,166
0.0,0.125,0.375,0.5,0.5,0.4375,0.625,0.4375,0.6875,0.125,0.25,0.0625,0.0625,0.625,0.46875,0.8125,0.6875,0.71875,0.78125,0.71875,0.625,0.71875,0.015625,0.0,0.796875,0.1875,0.546875,0.109375,0.65625,0.46875,0.640625,0.703125,0.46875,,167
0.0,0.125,0.375,0.5,0.5,0.4375,0.625,0.4375,0.6875,0.125,0.25,0.0625,0.0625,0.625,0.46875,0.8125,0.6875,0.71875,0.78125,0.71875,0.625,0.71875,0.015625,0.0,0.796875,0.1875,0.546875,0.109375,0.65625,0.46875,0.640625,0.703125,0.46875,,168
0.0,0.125,0.375,0.5,0.5,0.4375,0.625,0.4375,0.6875,0.125,0.25,0.0625,0.0625,0.625,0.46875,0.8125,0.6875,0.71875,0.78125,0.71875,0.625,0.71875,0.015625,0.0,0.796875,0.1875,0.546875,0.109375,0.65625,0.46875,0.640625,0.703125,0.46875,,169
0.0,0.125,0.375,0.5,0.5,0.4375,0.625,0.4375,0.6875,0.125,0.25,0.0625,0.0625,0.625,0.46875,0.8125,0.6875,0.71875,0.78125,0.71875,0.625,0.71875,0.015625,0.0,0.796875,0.1875,0.546875,0.109375,0.65625,0.46875,0.640625,0.703125,0.46875,,170
0.0,0.3125,0.4375,0.4375,0.5,0.4375,0.5625,0.4375,0.75,0.125,0.375,0.0625,0.03125,0.5625,0.4375,0.625,0.75,0.78125,0.65625,0.8125,0.5625,0.75,0.015625,0.0,0.90625,0.1875,0.59375,0.09375,0.65625,0.421875,0.703125,0.703125,0.40625,,171
0.0,0.3125,0.4375,0.4375,0.5,0.4375,0.5625,0.4375,0.75,0.125,0.375,0.0625,0.03125,0.5625,0.4375,0.625,0.75,0.78125,0.65625,0.8125,0.5625,0.75,0.015625,0.0,0.90625,0.1875,0.59375,0.09375,0.65625,0.421875,0.703125,0.703125,0.40625,,172
0.0,0.3125,0.4375,0.4375,0.5,0.4375,0.5625,0.4375,0.75,0.125,0.375,0.0625,0.03125,0.5625,0.4375,0.625,0.75,0.78125,0.65625,0.8125,0.5625,0.75,0.015625,0.0,0.90625,0.1875,0.59375,0.09375,0.65625,0.421875,0.703125,0.703125,0.40625,,173
0.0,0.3125,0.4375,0.4375,0.5,0.4375,0.5625,0.4375,0.75,0.125,0.375,0.0625,0.03125,0.5625,0.4375,0.625,0.75,0.78125,0.65625,0.8125,0.5625,0.75,0.015625,0.0,0.90625,0.1875,0.59375,0.09375,0.65625,0.421875,0.703125,0.703125,0.40625,,174
0.0,0.3125,0.4375,0.5,0.5625,0.4375,0.75,0.4375,0.75,0.125,0.3125,0.03125,0.03125,0.71875,0.46875,0.75,0.78125,0.8125,0.75,0.75,0.625,0.65625,0.0,0.0,0.78125,0.1875,0.578125,0.0625,0.59375,0.453125,0.734375,0.765625,0.484375,,175
0.0,0.3125,0.4375,0.5,0.5625,0.4375,0.75,0.4375,0.75,0.125,0.3125,0.03125,0.03125,0.71875,0.46875,0.75,0.78125,0.8125,0.75,0.75,0.625,0.65625,0.0,0.0,0.78125,0.1875,0.578125,0.0625,0.59375,0.453125,0.734375,0.765625,0.484375,,176
0.0,0.3125,0.4375,0.5,0.5625,0.4375,0.75,0.4375,0.75,0.125,0.3125,0.03125,0.03125,0.71875,0.46875,0.75,0.78125,0.8125,0.75,0.75,0.625,0.65625,0.0,0.0,0.78125,0.1875,0.578125,0.0625,0.59375,0.453125,0.734375,0.765625,0.484375,,177
0.0,0.3125,0.4375,0.5,0.5625,0.4375,0.75,0.5,0.6875,0.1875,0.3125,0.03125,0.0625,0.6875,0.5,0.71875,0.75,0.75,0.71875,0.75,0.625,0.65625,0.015625,0.0,0.859375,0.171875,0.5625,0.109375,0.6875,0.4375,0.71875,0.703125,0.5,,178
0.0,0.3125,0.4375,0.5,0.5625,0.4375,0.75,0.5,0.6875,0.1875,0.3125,0.03125,0.0625,0.6875,0.5,0.71875,0.75,0.75,0.71875,0.75,0.625,0.65625,0.015625,0.0,0.859375,0.171875,0.5625,0.109375,0.6875,0.4375,0.71875,0.703125,0.5,,179
0.0,0.3125,0.4375,0.5,0.5625,0.4375,0.75,0.5,0.6875,0.1875,0.3125,0.03125,0.0625,0.6875,0.5,0.71875,0.75,0.75,0.71875,0.75,0.625,0.65625,0.015625,0.0,0.859375,0.171875,0.5625,0.109375,0.6875,0.4375,0.71875,0.703125,0.5,,180
0.0,0.3125,0.4375,0.5,0.5625,0.4375,0.75,0.5,0.6875,0.1875,0.3125,0.03125,0.0625,0.6875,0.5,0.71875,0.75,0.75,0.71875,0.75,0.625,0.65625,0.015625,0.0,0.859375,0.171875,0.5625,0.109375,0.6875,0.4375,0.71875,0.703125,0.5,,181
0.0,0.1875,0.4375,0.5,0.625,0.5,0.75,0.375,0.6875,0.125,0.375,0.0625,0.0625,0.65625,0.46875,0.71875,0.84375,0.8125,0.75,0.71875,0.625,0.84375,0.015625,0.0,0.84375,0.21875,0.546875,0.09375,0.6875,0.4375,0.703125,0.71875,0.484375,,182
0.0,0.1875,0.4375,0.5,0.625,0.5,0.75,0.375,0.6875,0.125,0.375,0.0625,0.0625,0.65625,0.46875,0.71875,0.84375,0.8125,0.75,0.71875,0.625,0.84375,0.015625,0.0,0.84375,0.21875,0.546875,0.09375,0.6875,0.4375,0.703125,0.71875,0.484375,,183
0.0,0.1875,0.4375,0.5,0.625,0.5,0.75,0.375,0.6875,0.125,0.375,0.0625,0.0625,0.65625,0.46875,0.71875,0.84375,0.8125,0.75,0.71875,0.625,0.84375,0.015625,0.0,0.84375,0.21875,0.546875,0.09375,0.6875,0.4375,0.703125,0.71875,0.484375,,184
0.0,0.1875,0.4375,0.4375,0.5625,0.5625,0.75,0.375,0.75,0.1875,0.375,0.03125,0.0625,0.65625,0.5625,0.65625,0.75,0.8125,0.71875,0.71875,0.59375,0.8125,0.0,0.0,0.859375,0.203125,0.578125,0.09375,0.65625,0.4375,0.671875,0.734375,0.46875,,185
0.0,0.1875,0.4375,0.4375,0.5625,0.5625,0.75,0.375,0.75,0.1875,0.375,0.03125,0.0625,0.65625,0.5625,0.65625,0.75,0.8125,0.71875,0.71875,0.59375,0.8125,0.0,0.0,0.859375,0.203125,0.578125,0.09375,0.65625,0.4375,0.671875,0.734375,0.46875,,186
0.0,0.1875,0.4375,0.4375,0.5625,0.5625,0.75,0.375,0.75,0.1875,0.375,0.03125,0.0625,0.65625,0.5625,0.65625,0.75,0.8125,0.71875,0.71875,0.59375,0.8125,0.0,0.0,0.859375,0.203125,0.578125,0.09375,0.65625,0.4375,0.671875,0.734375,0.46875,,187
0.0,0.1875,0.4375,0.4375,0.5625,0.5625,0.75,0.375,0.75,0.1875,0.375,0.03125,0.0625,0.65625,0.5625,0.65625,0.75,0.8125,0.71875,0.71875,0.59375,0.8125,0.0,0.0,0.859375,0.203125,0.578125,0.09375,0.65625,0.4375,0.671875,0.734375,0.46875,,188
0.0,0.25,0.4375,0.4375,0.5625,0.4375,0.75,0.4375,0.75,0.1875,0.375,0.0625,0.0625,0.65625,0.59375,0.8125,0.78125,0.90625,0.71875,0.625,0.625,0.78125,0.015625,0.0,0.84375,0.203125,0.59375,0.078125,0.6875,0.453125,0.59375,0.703125,0.46875,,189
0.0,0.25,0.4375,0.4375,0.5625,0.4375,0.75,0.4375,0.75,0.1875,0.375,0.0625,0.0625,0.65625,0.59375,0.8125,0.78125,0.90625,0.71875,0.625,0.625,0.78125,0.015625,0.0,0.84375,0.203125,0.59375,0.078125,0.6875,0.453125,0.59375,0.703125,0.46875,,190
0.0,0.25,0.4375,0.5,0.5625,0.4375,0.625,0.5,0.5625,0.1875,0.375,0.0625,0.0625,0.6875,0.5625,0.78125,0.71875,0.875,0.59375,0.75,0.59375,0.84375,0.015625,0.0,0.875,0.1875,0.578125,0.09375,0.6875,0.453125,0.640625,0.71875,0.421875,,191
0.0,0.25,0.4375,0.5,0.5625,0.4375,0.625,0.5,0.5625,0.1875,0.375,0.0625,0.0625,0.6875,0.5625,0.78125,0.71875,0.875,0.59375,0.75,0.59375,0.84375,0.015625,0.0,0.875,0.1875,0.578125,0.09375,0.6875,0.453125,0.640625,0.71875,0.421875,,192
0.0,0.25,0.4375,0.5,0.5625,0.4375,0.625,0.5,0.5625,0.1875,0.375,0.0625,0.0625,0.6875,0.5625,0.78125,0.71875,0.875,0.59375,0.75,0.59375,0.84375,0.015625,0.0,0.875,0.1875,0.578125,0.09375,0.6875,0.453125,0.640625,0.71875,0.421875,,193
0.0,0.25,0.3125,0.4375,0.5625,0.5,0.6875,0.5,0.75,0.1875,0.375,0.0625,0.0625,0.78125,0.625,0.6875,0.6875,0.8125,0.71875,0.71875,0.6875,0.8125,0.015625,0.0,0.828125,0.21875,0.5625,0.078125,0.59375,0.4375,0.6875,0.703125,0.46875,,194
0.0,0.25,0.3125,0.4375,0.5625,0.5,0.6875,0.5,0.75,0.1875,0.375,0.0625,0.0625,0.78125,0.625,0.6875,0.6875,0.8125,0.71875,0.71875,0.6875,0.8125,0.015625,0.0,0.828125,0.21875,0.5625,0.078125,0.59375,0.4375,0.6875,0.703125,0.46875,,195
0.0,0.25,0.3125,0.4375,0.5625,0.5,0.6875,0.5,0.75,0.1875,0.375,0.0625,0.0625,0.78125,0.625,0.6875,0.6875,0.8125,0.71875,0.71875,0.6875,0.8125,0.015625,0.0,0.828125,0.21875,0.5625,0.078125,0.59375,0.4375,0.6875,0.703125,0.46875,,196
0.0,0.25,0.3125,0.4375,0.5625,0.5,0.6875,0.5,0.75,0.1875,0.375,0.0625,0.0625,0.78125,0.625,0.6875,0.6875,0.8125,0.71875,0.71875,0.6875,0.8125,0.015625,0.0,0.828125,0.21875,0.5625,0.078125,0.59375,0.4375,0.6875,0.703125,0.46875,,197
0.0,0.25,0.3125,0.4375,0.5625,0.5,0.6875,0.5,0.75,0.1875,0.375,0.0625,0.0625,0.78125,0.625,0.6875,0.6875,0.8125,0.71875,0.71875,0.6875,0.8125,0.015625,0.0,0.828125,0.21875,0.5625,0.078125,0.59375,0.4375,0.6875,0.703125,0.46875,,198
0.0,0.25,0.4375,0.5,0.5625,0.5625,0.75,0.375,0.625,0.125,0.375,0.0625,0.0625,0.78125,0.59375,0.75,0.625,0.71875,0.65625,0.71875,0.6875,0.8125,0.015625,0.0,0.828125,0.21875,0.578125,0.109375,0.578125,0.453125,0.6875,0.6875,0.5,,199
0.0,0.25,0.4375,0.5,0.5625,0.5625,0.75,0.375,0.625,0.125,0.375,0.0625,0.0625,0.78125,0.59375,0.75,0.625,0.71875,0.65625,0.71875,0.6875,0.8125,0.015625,0.0,0.828125,0.21875,0.578125,0.109375,0.578125,0.453125,0.6875,0.6875,0.5,,200
0.0,0.25,0.4375,0.5,0.5625,0.5625,0.75,0.375,0.625,0.125,0.375,0.0625,0.0625,0.78125,0.59375,0.75,0.625,0.71875,0.65625,0.71875,0.6875,0.8125,0.015625,0.0,0.828125,0.21875,0.578125,0.109375,0.578125,0.453125,0.6875,0.6875,0.5,,201
0.0,0.25,0.4375,0.5,0.5625,0.5625,0.75,0.375,0.625,0.125,0.375,0.0625,0.0625,0.78125,0.59375,0.75,0.625,0.71875,0.65625,0.71875,0.6875,0.8125,0.015625,0.0,0.828125,0.21875,0.578125,0.109375,0.578125,0.453125,0.6875,0.6875,0.5,,202
0.0,0.1875,0.3125,0.4375,0.625,0.625,0.6875,0.5625,0.625,0.125,0.375,0.0625,0.0625,0.75,0.59375,0.71875,0.75,0.8125,0.71875,0.875,0.75,0.84375,0.015625,0.015625,0.890625,0.21875,0.515625,0.09375,0.625,0.484375,0.75,0.703125,0.453125,,203
0.0,0.1875,0.3125,0.4375,0.625,0.625,0.6875,0.5625,0.625,0.125,0.375,0.0625,0.0625,0.75,0.59375,0.71875,0.75,0.8125,0.71875,0.875,0.75,0.84375,0.015625,0.015625,0.890625,0.21875,0.515625,0.09375,0.625,0.484375,0.75,0.703125,0.453125,,204
0.0,0.1875,0.3125,0.4375,0.625,0.625,0.6875,0.5625,0.625,0.125,0.375,0.0625,0.0625,0.75,0.59375,0.71875,0.75,0.8125,0.71875,0.875,0.75,0.84375,0.015625,0.015625,0.890625,0.21875,0.515625,0.09375,0.625,0.484375,0.75,0.703125,0.453125,,205
0.0,0.25,0.4375,0.5,0.625,0.5,0.6875,0.5625,0.625,0.125,0.375,0.0625,0.0625,0.84375,0.625,0.75,0.75,0.84375,0.71875,0.6875,0.6875,0.75,0.015625,0.015625,0.828125,0.234375,0.578125,0.09375,0.6875,0.421875,0.671875,0.625,0.484375,,206
0.0,0.25,0.4375,0.5,0.625,0.5,0.6875,0.5625,0.625,0.125,0.375,0.0625,0.0625,0.84375,0.625,0.75,0.75,0.84375,0.71875,0.6875,0.6875,0.75,0.015625,0.015625,0.828125,0.234375,0.578125,0.09375,0.6875,0.421875,0.671875,0.625,0.484375,,207
0.0,0.25,0.4375,0.5,0.625,0.5,0.6875,0.5625,0.625,0.125,0.375,0.0625,0.0625,0.84375,0.625,0.75,0.75,0.84375,0.71875,0.6875,0.6875,0.75,0.015625,0.015625,0.828125,0.234375,0.578125,0.09375,0.6875,0.421875,0.671875,0.625,0.484375,,208
0.0,0.3125,0.375,0.5,0.6875,0.5625,0.625,0.5,0.625,0.125,0.375,0.0625,0.0625,0.78125,0.625,0.65625,0.71875,0.8125,0.625,0.84375,0.75,0.8125,0.015625,0.0,0.859375,0.234375,0.578125,0.078125,0.609375,0.421875,0.65625,0.703125,0.46875,,209
0.0,0.3125,0.375,0.5,0.6875,0.5625,0.625,0.5,0.625,0.125,0.375,0.0625,0.0625,0.78125,0.625,0.65625,0.71875,0.8125,0.625,0.84375,0.75,0.8125,0.015625,0.0,0.859375,0.234375,0.578125,0.078125,0.609375,0.421875,0.65625,0.703125,0.46875,,210
0.0,0.3125,0.375,0.5,0.6875,0.5625,0.625,0.5,0.625,0.125,0.375,0.0625,0.0625,0.78125,0.625,0.65625,0.71875,0.8125,0.625,0.84375,0.75,0.8125,0.015625,0.0,0.859375,0.234375,0.578125,0.078125,0.609375,0.421875,0.65625,0.703125,0.46875,,211
0.0,0.3125,0.4375,0.5,0.625,0.625,0.625,0.4375,0.6875,0.1875,0.3125,0.03125,0.0625,0.6875,0.625,0.75,0.8125,0.8125,0.75,0.8125,0.78125,0.84375,0.015625,0.0,0.859375,0.25,0.578125,0.125,0.71875,0.4375,0.640625,0.6875,0.484375,,212
0.0,0.3125,0.4375,0.5,0.625,0.625,0.625,0.4375,0.6875,0.1875,0.3125,0.03125,0.0625,0.6875,0.625,0.75,0.8125,0.8125,0.75,0.8125,0.78125,0.84375,0.015625,0.0,0.859375,0.25,0.578125,0.125,0.71875,0.4375,0.640625,0.6875,0.484375,,213
0.0,0.3125,0.4375,0.5,0.625,0.625,0.625,0.4375,0.6875,0.1875,0.3125,0.03125,0.0625,0.6875,0.625,0.75,0.8125,0.8125,0.75,0.8125,0.78125,0.84375,0.015625,0.0,0.859375,0.25,0.578125,0.125,0.71875,0.4375,0.640625,0.6875,0.484375,,214
0.0,0.3125,0.4375,0.5,0.625,0.625,0.625,0.4375,0.6875,0.1875,0.3125,0.03125,0.0625,0.6875,0.625,0.75,0.8125,0.8125,0.75,0.8125,0.78125,0.84375,0.015625,0.0,0.859375,0.25,0.578125,0.125,0.71875,0.4375,0.640625,0.6875,0.484375,,215
0.0,0.25,0.4375,0.375,0.4375,0.625,0.75,0.625,0.6875,0.25,0.375,0.0625,0.0625,0.78125,0.59375,0.84375,0.71875,0.875,0.6875,0.8125,0.71875,0.84375,0.015625,0.015625,0.890625,0.25,0.546875,0.140625,0.671875,0.390625,0.640625,0.6875,0.40625,,216
0.0,0.25,0.4375,0.375,0.4375,0.625,0.75,0.625,0.6875,0.25,0.375,0.0625,0.0625,0.78125,0.59375,0.84375,0.71875,0.875,0.6875,0.8125,0.71875,0.84375,0.015625,0.015625,0.890625,0.25,0.546875,0.140625,0.671875,0.390625,0.640625,0.6875,0.40625,,217
0.0,0.25,0.4375,0.375,0.4375,0.625,0.75,0.625,0.6875,0.25,0.375,0.0625,0.0625,0.78125,0.59375,0.84375,0.71875,0.875,0.6875,0.8125,0.71875,0.84375,0.015625,0.015625,0.890625,0.25,0.546875,0.140625,0.671875,0.390625,0.640625,0.6875,0.40625,,218
0.0,0.25,0.4375,0.375,0.4375,0.625,0.75,0.625,0.6875,0.25,0.375,0.0625,0.0625,0.78125,0.59375,0.84375,0.71875,0.875,0.6875,0.8125,0.71875,0.84375,0.015625,0.015625,0.890625,0.25,0.546875,0.140625,0.671875,0.390625,0.640625,0.6875,0.40625,,219
0.0,0.25,0.4375,0.375,0.4375,0.625,0.75,0.625,0.6875,0.25,0.375,0.0625,0.0625,0.78125,0.59375,0.84375,0.71875,0.875,0.6875,0.8125,0.71875,0.84375,0.015625,0.015625,0.890625,0.25,0.546875,0.140625,0.671875,0.390625,0.640625,0.6875,0.40625,,220
0.0,0.25,0.4375,0.375,0.4375,0.625,0.75,0.625,0.6875,0.25,0.375,0.0625,0.0625,0.78125,0.59375,0.84375,0.71875,0.875,0.6875,0.8125,0.71875,0.84375,0.015625,0.015625,0.890625,0.25,0.546875,0.140625,0.671875,0.390625,0.640625,0.6875,0.40625,,221
0.0,0.1875,0.375,0.5,0.625,0.625,0.625,0.6875,0.625,0.25,0.375,0.0625,0.0625,0.8125,0.625,0.75,0.75,0.78125,0.65625,0.8125,0.6875,0.8125,0.015625,0.015625,0.84375,0.234375,0.546875,0.09375,0.671875,0.4375,0.640625,0.6875,0.453125,,222
0.0,0.1875,0.375,0.5,0.625,0.625,0.625,0.6875,0.625,0.25,0.375,0.0625,0.0625,0.8125,0.625,0.75,0.75,0.78125,0.65625,0.8125,0.6875,0.8125,0.015625,0.015625,0.84375,0.234375,0.546875,0.09375,0.671875,0.4375,0.640625,0.6875,0.453125,,223
0.0,0.1875,0.375,0.5,0.625,0.625,0.625,0.6875,0.625,0.25,0.375,0.0625,0.0625,0.8125,0.625,0.75,0.75,0.78125,0.65625,0.8125,0.6875,0.8125,0.015625,0.015625,0.84375,0.234375,0.546875,0.09375,0.671875,0.4375,0.640625,0.6875,0.453125,,224
0.0,0.1875,0.4375,0.5,0.5625,0.5625,0.6875,0.6875,0.625,0.25,0.3125,0.0625,0.0625,0.78125,0.5625,0.84375,0.8125,0.84375,0.6875,0.75,0.78125,0.84375,0.015625,0.015625,0.890625,0.25,0.5625,0.109375,0.703125,0.484375,0.765625,0.734375,0.453125,,225
0.0,0.1875,0.4375,0.5,0.5625,0.5625,0.6875,0.6875,0.625,0.25,0.3125,0.0625,0.0625,0.78125,0.5625,0.84375,0.8125,0.84375,0.6875,0.75,0.78125,0.84375,0.015625,0.015625,0.890625,0.25,0.5625,0.109375,0.703125,0.484375,0.765625,0.734375,0.453125,,226
0.0,0.1875,0.4375,0.5,0.5625,0.5625,0.6875,0.6875,0.625,0.25,0.3125,0.0625,0.0625,0.78125,0.5625,0.84375,0.8125,0.84375,0.6875,0.75,0.78125,0.84375,0.015625,0.015625,0.890625,0.25,0.5625,0.109375,0.703125,0.484375,0.765625,0.734375,0.453125,,227
0.0,0.3125,0.375,0.4375,0.5625,0.625,0.6875,0.6875,0.75,0.1875,0.375,0.03125,0.0625,0.8125,0.625,0.84375,0.78125,0.8125,0.75,0.8125,0.6875,0.875,0.015625,0.015625,0.765625,0.25,0.5625,0.109375,0.640625,0.40625,0.71875,0.671875,0.46875,,228
0.0,0.3125,0.375,0.4375,0.5625,0.625,0.6875,0.6875,0.75,0.1875,0.375,0.03125,0.0625,0.8125,0.625,0.84375,0.78125,0.8125,0.75,0.8125,0.6875,0.875,0.015625,0.015625,0.765625,0.25,0.5625,0.109375,0.640625,0.40625,0.71875,0.671875,0.46875,,229
0.0,0.3125,0.375,0.4375,0.5625,0.625,0.6875,0.6875,0.75,0.1875,0.375,0.03125,0.0625,0.8125,0.625,0.84375,0.78125,0.8125,0.75,0.8125,0.6875,0.875,0.015625,0.015625,0.765625,0.25,0.5625,0.109375,0.640625,0.40625,0.71875,0.671875,0.46875,,230
0.0,0.3125,0.375,0.4375,0.5625,0.625,0.6875,0.6875,0.75,0.1875,0.375,0.03125,0.0625,0.8125,0.625,0.84375,0.78125,0.8125,0.75,0.8125,0.6875,0.875,0.015625,0.015625,0.765625,0.25,0.5625,0.109375,0.640625,0.40625,0.71875,0.671875,0.46875,,231
0.0,0.25,0.375,0.5,0.5625,0.5625,0.5625,0.75,0.75,0.1875,0.25,0.0625,0.0625,0.78125,0.65625,0.75,0.78125,0.875,0.625,0.8125,0.71875,0.8125,0.015625,0.015625,0.90625,0.234375,0.5,0.109375,0.640625,0.5,0.671875,0.671875,0.390625,,232
0.0,0.25,0.375,0.5,0.5625,0.5625,0.5625,0.75,0.75,0.1875,0.25,0.0625,0.0625,0.78125,0.65625,0.75,0.78125,0.875,0.625,0.8125,0.71875,0.8125,0.015625,0.015625,0.90625,0.234375,0.5,0.109375,0.640625,0.5,0.671875,0.671875,0.390625,,233
0.0,0.25,0.375,0.5,0.5625,0.5625,0.5625,0.75,0.75,0.1875,0.25,0.0625,0.0625,0.78125,0.65625,0.75,0.78125,0.875,0.625,0.8125,0.71875,0.8125,0.015625,0.015625,0.90625,0.234375,0.5,0.109375,0.640625,0.5,0.671875,0.671875,0.390625,,234
0.0,0.25,0.4375,0.375,0.625,0.625,0.6875,0.6875,0.625,0.25,0.375,0.03125,0.0625,0.75,0.65625,0.71875,0.8125,0.75,0.65625,0.84375,0.75,0.75,0.015625,0.015625,0.859375,0.25,0.53125,0.140625,0.703125,0.4375,0.65625,0.75,0.4375,,235
0.0,0.25,0.4375,0.375,0.625,0.625,0.6875,0.6875,0.625,0.25,0.375,0.03125,0.0625,0.75,0.65625,0.71875,0.8125,0.75,0.65625,0.84375,0.75,0.75,0.015625,0.015625,0.859375,0.25,0.53125,0.140625,0.703125,0.4375,0.65625,0.75,0.4375,,236
0.0,0.25,0.4375,0.375,0.625,0.625,0.6875,0.6875,0.625,0.25,0.375,0.03125,0.0625,0.75,0.65625,0.71875,0.8125,0.75,0.65625,0.84375,0.75,0.75,0.015625,0.015625,0.859375,0.25,0.53125,0.140625,0.703125,0.4375,0.65625,0.75,0.4375,,237
0.0,0.25,0.4375,0.4375,0.6875,0.625,0.625,0.6875,0.6875,0.25,0.3125,0.0625,0.0625,0.75,0.65625,0.75,0.75,0.875,0.5625,0.6875,0.65625,0.875,0.015625,0.015625,0.890625,0.296875,0.5625,0.15625,0.734375,0.4375,0.671875,0.75,0.46875,,238
0.0,0.25,0.4375,0.4375,0.6875,0.625,0.625,0.6875,0.6875,0.25,0.3125,0.0625,0.0625,0.75,0.65625,0.75,0.75,0.875,0.5625,0.6875,0.65625,0.875,0.015625,0.015625,0.890625,0.296875,0.5625,0.15625,0.734375,0.4375,0.671875,0.75,0.46875,,239
0.0,0.25,0.4375,0.4375,0.6875,0.625,0.625,0.6875,0.6875,0.25,0.3125,0.0625,0.0625,0.75,0.65625,0.75,0.75,0.875,0.5625,0.6875,0.65625,0.875,0.015625,0.015625,0.890625,0.296875,0.5625,0.15625,0.734375,0.4375,0.671875,0.75,0.46875,,240
